id,project_id,status,previous_status,next_status,category,logged_at,author_name,author_team,summary,content,detail,related_schedule_label,related_schedule_at,source_sheet
3c6360cf-4ab1-5ec2-8e4e-155207dff65f,bb95b7f9-e00b-51ad-a5e7-311acbe16131,presented,proposing,presented,상태 변경,2026-02-27T10:00:00,고광종,PMO1팀,발표 일정 확정 및 발표 완료,발표 자료 보완 완료 후 발표를 종료함.,"{""이슈"": ""발표 일정 확정 및 발표 완료"", ""조치사항"": ""운영 원장 및 상세 페이지 반영"", ""다음 단계"": ""후속 일정 진행"", ""관련 일정"": {""label"": ""발표 일정"", ""date"": ""2026-02-27 10:00:00""}}",발표 일정,2026-02-27T10:00:00,scenario
a4421548-e0af-52c6-9505-c95a3f1675ff,bb95b7f9-e00b-51ad-a5e7-311acbe16131,win,presented,win,상태 변경,2026-03-03T09:00:00,심우정,PMO2팀,수주 확정,고객사 결과 통보로 수주 상태로 변경.,"{""이슈"": ""수주 확정"", ""조치사항"": ""운영 원장 및 상세 페이지 반영"", ""다음 단계"": ""후속 일정 진행"", ""관련 일정"": {""label"": ""결과 통보"", ""date"": ""2026-03-03 09:00:00""}}",결과 통보,2026-03-03T09:00:00,scenario
8c88cf2c-aecd-5892-98c5-c507bfb4945b,bb95b7f9-e00b-51ad-a5e7-311acbe16131,running,win,running,상태 변경,2026-03-10T10:00:00,이광만,기술지원팀,수행 착수,투입 계획 승인 후 수행 단계로 전환.,"{""이슈"": ""수행 착수"", ""조치사항"": ""운영 원장 및 상세 페이지 반영"", ""다음 단계"": ""후속 일정 진행"", ""관련 일정"": {""label"": ""착수 회의"", ""date"": ""2026-03-10 10:00:00""}}",착수 회의,2026-03-10T10:00:00,scenario
4fd7bfae-7fd2-5ee2-8704-21ea05f40ae3,bb95b7f9-e00b-51ad-a5e7-311acbe16131,running,,,투입 인력 변경,2026-03-12T11:00:00,조양규,PMO1팀,TA 인력 추가,"박소연, 최영진 배정 반영.","{""이슈"": ""TA 인력 추가"", ""조치사항"": ""운영 원장 및 상세 페이지 반영"", ""다음 단계"": ""후속 일정 진행"", ""관련 일정"": {""label"": ""투입 반영"", ""date"": ""2026-03-12 11:00:00""}}",투입 반영,2026-03-12T11:00:00,scenario
baa4580d-f86e-5fa1-a4d9-61e69ea5180c,bb95b7f9-e00b-51ad-a5e7-311acbe16131,running,,,진행 메모,2026-05-06T09:30:00,조재훈,PMO2팀,주간 진행 메모,"핵심 기능 설계 완료, 2차 회의 예정.","{""이슈"": ""주간 진행 메모"", ""조치사항"": ""운영 원장 및 상세 페이지 반영"", ""다음 단계"": ""후속 일정 진행"", ""관련 일정"": {""label"": ""주간 점검"", ""date"": ""2026-05-06 09:30:00""}}",주간 점검,2026-05-06T09:30:00,scenario
642da013-ae33-51fd-a8eb-28897f9e5d87,bb95b7f9-e00b-51ad-a5e7-311acbe16131,running,win,running,상태 변경,2026-02-06T09:00:00,고광종,PMO1팀,차세대 통합시스템 구축 - 상태 변경,차세대 통합시스템 구축 프로젝트의 상태 변경 이력입니다.,"{""이슈"": ""상태 변경"", ""조치사항"": ""기록 저장"", ""다음 단계"": ""후속 검토"", ""관련 일정"": {""label"": ""점검 일정"", ""date"": ""2026-02-09 00:00""}}",점검 일정,2026-02-09T10:00:00,업무수행현황
61b9627b-d738-582a-bd1f-051c28f03f2c,bb95b7f9-e00b-51ad-a5e7-311acbe16131,running,,,투입 인력 변경,2026-02-15T10:00:00,심우정,PMO2팀,차세대 통합시스템 구축 - 투입 인력 변경,차세대 통합시스템 구축 프로젝트의 투입 인력 변경 이력입니다.,"{""이슈"": ""투입 인력 변경"", ""조치사항"": ""기록 저장"", ""다음 단계"": ""후속 검토"", ""관련 일정"": {""label"": ""점검 일정"", ""date"": ""2026-02-18 00:00""}}",점검 일정,2026-02-18T10:00:00,업무수행현황
83ac5062-f85b-5409-afca-1368aa2c1f23,9adc2667-d188-5951-a858-5b0d9856a24d,running,,,투입 인력 변경,2026-02-07T09:00:00,심우정,PMO2팀,미래에셋자산운용 IDC이전사업 - 투입 인력 변경,미래에셋자산운용 IDC이전사업 프로젝트의 투입 인력 변경 이력입니다.,"{""이슈"": ""투입 인력 변경"", ""조치사항"": ""기록 저장"", ""다음 단계"": ""후속 검토"", ""관련 일정"": {""label"": ""점검 일정"", ""date"": ""2026-02-10 00:00""}}",점검 일정,2026-02-10T10:00:00,업무수행현황
49a68dea-b455-5e7d-999e-cc72b100d79a,9adc2667-d188-5951-a858-5b0d9856a24d,running,,,발표 일정 등록,2026-02-16T10:00:00,이광만,기술지원팀,미래에셋자산운용 IDC이전사업 - 발표 일정 등록,미래에셋자산운용 IDC이전사업 프로젝트의 발표 일정 등록 이력입니다.,"{""이슈"": ""발표 일정 등록"", ""조치사항"": ""기록 저장"", ""다음 단계"": ""후속 검토"", ""관련 일정"": {""label"": ""점검 일정"", ""date"": ""2026-02-19 00:00""}}",점검 일정,2026-02-19T10:00:00,업무수행현황
8202181b-fef4-5470-827c-78d89701da62,a42b7918-4c9e-5180-a58c-5509de5011db,running,,,발표 일정 등록,2026-03-08T09:00:00,이광만,기술지원팀,한전산업개발 빌링시스템 고도화 사업 - 발표 일정 등록,한전산업개발 빌링시스템 고도화 사업 프로젝트의 발표 일정 등록 이력입니다.,"{""이슈"": ""발표 일정 등록"", ""조치사항"": ""기록 저장"", ""다음 단계"": ""후속 검토"", ""관련 일정"": {""label"": ""점검 일정"", ""date"": ""2026-03-11 00:00""}}",점검 일정,2026-03-11T10:00:00,업무수행현황
3b9616d9-dce6-53e7-9ff9-cd1260420f82,a42b7918-4c9e-5180-a58c-5509de5011db,running,,,진행 메모,2026-03-17T10:00:00,조양규,PMO1팀,한전산업개발 빌링시스템 고도화 사업 - 진행 메모,한전산업개발 빌링시스템 고도화 사업 프로젝트의 진행 메모 이력입니다.,"{""이슈"": ""진행 메모"", ""조치사항"": ""기록 저장"", ""다음 단계"": ""후속 검토"", ""관련 일정"": {""label"": ""점검 일정"", ""date"": ""2026-03-20 00:00""}}",점검 일정,2026-03-20T10:00:00,업무수행현황
73da2e79-2246-53b4-b625-7a7c3cabb4e7,249712f3-1d9f-5fb7-a603-b011dfdd6391,running,,,진행 메모,2026-04-09T09:00:00,조양규,PMO1팀,감사원 2026년~2027년 감사원 정보인프라 유지관리 사업(2년) - 진행 메모,감사원 2026년~2027년 감사원 정보인프라 유지관리 사업(2년) 프로젝트의 진행 메모 이력입니다.,"{""이슈"": ""진행 메모"", ""조치사항"": ""기록 저장"", ""다음 단계"": ""후속 검토"", ""관련 일정"": {""label"": ""점검 일정"", ""date"": ""2026-04-12 00:00""}}",점검 일정,2026-04-12T10:00:00,업무수행현황
ee65d2a3-3bf0-5aa4-87b8-98ee7ea9e890,249712f3-1d9f-5fb7-a603-b011dfdd6391,running,,,업무지정 등록,2026-04-18T10:00:00,조재훈,PMO2팀,감사원 2026년~2027년 감사원 정보인프라 유지관리 사업(2년) - 업무지정 등록,감사원 2026년~2027년 감사원 정보인프라 유지관리 사업(2년) 프로젝트의 업무지정 등록 이력입니다.,"{""이슈"": ""업무지정 등록"", ""조치사항"": ""기록 저장"", ""다음 단계"": ""후속 검토"", ""관련 일정"": {""label"": ""점검 일정"", ""date"": ""2026-04-21 00:00""}}",점검 일정,2026-04-21T10:00:00,업무수행현황
50a8fd8a-fa68-5fd1-8a55-99b4365d2d3c,284ec3d5-6b47-5625-a9d7-65c3da2fa071,running,,,업무지정 등록,2026-05-10T09:00:00,조재훈,PMO2팀,한국해양진흥공사 ’26~’29년 정보시스템 통합 유지보수 용역(3년) - 업무지정 등록,한국해양진흥공사 ’26~’29년 정보시스템 통합 유지보수 용역(3년) 프로젝트의 업무지정 등록 이력입니다.,"{""이슈"": ""업무지정 등록"", ""조치사항"": ""기록 저장"", ""다음 단계"": ""후속 검토"", ""관련 일정"": {""label"": ""점검 일정"", ""date"": ""2026-05-13 00:00""}}",점검 일정,2026-05-13T10:00:00,업무수행현황
ebc667cd-f672-564e-989a-d303e129d5cf,284ec3d5-6b47-5625-a9d7-65c3da2fa071,running,,,일정 변경,2026-05-19T10:00:00,심성훈,기술지원팀,한국해양진흥공사 ’26~’29년 정보시스템 통합 유지보수 용역(3년) - 일정 변경,한국해양진흥공사 ’26~’29년 정보시스템 통합 유지보수 용역(3년) 프로젝트의 일정 변경 이력입니다.,"{""이슈"": ""일정 변경"", ""조치사항"": ""기록 저장"", ""다음 단계"": ""후속 검토"", ""관련 일정"": {""label"": ""점검 일정"", ""date"": ""2026-05-22 00:00""}}",점검 일정,2026-05-22T10:00:00,업무수행현황
00c9ab9a-1037-5e31-a2c0-3437f05e2099,09f6931a-9b19-579f-a3d7-f62fc34f6395,running,,,일정 변경,2026-06-11T09:00:00,심성훈,기술지원팀,신한은행 Endpoint 위협식별 및 탐지역량 강화를 위한 EDR시스템 구축 - 일정 변경,신한은행 Endpoint 위협식별 및 탐지역량 강화를 위한 EDR시스템 구축 프로젝트의 일정 변경 이력입니다.,"{""이슈"": ""일정 변경"", ""조치사항"": ""기록 저장"", ""다음 단계"": ""후속 검토"", ""관련 일정"": {""label"": ""점검 일정"", ""date"": ""2026-06-14 00:00""}}",점검 일정,2026-06-14T10:00:00,업무수행현황
15e41f8f-e072-5614-bbf3-1ea4cc7ae0c9,09f6931a-9b19-579f-a3d7-f62fc34f6395,running,,,이슈,2026-06-20T10:00:00,김성필,PMO1팀,신한은행 Endpoint 위협식별 및 탐지역량 강화를 위한 EDR시스템 구축 - 이슈,신한은행 Endpoint 위협식별 및 탐지역량 강화를 위한 EDR시스템 구축 프로젝트의 이슈 이력입니다.,"{""이슈"": ""이슈"", ""조치사항"": ""기록 저장"", ""다음 단계"": ""후속 검토"", ""관련 일정"": {""label"": ""점검 일정"", ""date"": ""2026-06-23 00:00""}}",점검 일정,2026-06-23T10:00:00,업무수행현황
360591ea-cff1-53e9-983f-72def9a09303,6572b507-b2d9-5e74-ab5a-e52837917cec,running,,,이슈,2026-01-12T09:00:00,김성필,PMO1팀,삼성카드 IT자산 위험 관리시스템 구축 - 이슈,삼성카드 IT자산 위험 관리시스템 구축 프로젝트의 이슈 이력입니다.,"{""이슈"": ""이슈"", ""조치사항"": ""기록 저장"", ""다음 단계"": ""후속 검토"", ""관련 일정"": {""label"": ""점검 일정"", ""date"": ""2026-01-15 00:00""}}",점검 일정,2026-01-15T10:00:00,업무수행현황
3a049760-6528-5572-b351-e5a7d05e7577,6572b507-b2d9-5e74-ab5a-e52837917cec,running,win,running,상태 변경,2026-01-21T10:00:00,김찬호,PMO2팀,삼성카드 IT자산 위험 관리시스템 구축 - 상태 변경,삼성카드 IT자산 위험 관리시스템 구축 프로젝트의 상태 변경 이력입니다.,"{""이슈"": ""상태 변경"", ""조치사항"": ""기록 저장"", ""다음 단계"": ""후속 검토"", ""관련 일정"": {""label"": ""점검 일정"", ""date"": ""2026-01-24 00:00""}}",점검 일정,2026-01-24T10:00:00,업무수행현황
07d1f55f-cbab-520d-8ad3-fb8f99e5ba3c,1e944e50-9303-5e8d-a086-9be0a0382984,running,win,running,상태 변경,2026-02-13T09:00:00,김찬호,PMO2팀,저축은행중앙회 사이버 위협 대응 내외부 통합 보안 인프라 구축 사업 - 상태 변경,저축은행중앙회 사이버 위협 대응 내외부 통합 보안 인프라 구축 사업 프로젝트의 상태 변경 이력입니다.,"{""이슈"": ""상태 변경"", ""조치사항"": ""기록 저장"", ""다음 단계"": ""후속 검토"", ""관련 일정"": {""label"": ""점검 일정"", ""date"": ""2026-02-16 00:00""}}",점검 일정,2026-02-16T10:00:00,업무수행현황
206a65cc-b9bd-58f9-b5ce-d97c26d54938,1e944e50-9303-5e8d-a086-9be0a0382984,running,,,투입 인력 변경,2026-02-22T10:00:00,이문희,기술지원팀,저축은행중앙회 사이버 위협 대응 내외부 통합 보안 인프라 구축 사업 - 투입 인력 변경,저축은행중앙회 사이버 위협 대응 내외부 통합 보안 인프라 구축 사업 프로젝트의 투입 인력 변경 이력입니다.,"{""이슈"": ""투입 인력 변경"", ""조치사항"": ""기록 저장"", ""다음 단계"": ""후속 검토"", ""관련 일정"": {""label"": ""점검 일정"", ""date"": ""2026-02-25 00:00""}}",점검 일정,2026-02-25T10:00:00,업무수행현황
41e3a709-96ae-57ed-a7f9-c21a94e55729,8d8030fe-00a1-529e-8664-f7f85a99524c,running,,,투입 인력 변경,2026-03-14T09:00:00,이문희,기술지원팀,삼성증권 IT자산 위험관리 시스템 구축 - 투입 인력 변경,삼성증권 IT자산 위험관리 시스템 구축 프로젝트의 투입 인력 변경 이력입니다.,"{""이슈"": ""투입 인력 변경"", ""조치사항"": ""기록 저장"", ""다음 단계"": ""후속 검토"", ""관련 일정"": {""label"": ""점검 일정"", ""date"": ""2026-03-17 00:00""}}",점검 일정,2026-03-17T10:00:00,업무수행현황
ded6ab4e-924e-598c-8b7b-c5b43db4d916,8d8030fe-00a1-529e-8664-f7f85a99524c,running,,,발표 일정 등록,2026-03-23T10:00:00,박윤승,PMO1팀,삼성증권 IT자산 위험관리 시스템 구축 - 발표 일정 등록,삼성증권 IT자산 위험관리 시스템 구축 프로젝트의 발표 일정 등록 이력입니다.,"{""이슈"": ""발표 일정 등록"", ""조치사항"": ""기록 저장"", ""다음 단계"": ""후속 검토"", ""관련 일정"": {""label"": ""점검 일정"", ""date"": ""2026-03-26 00:00""}}",점검 일정,2026-03-26T10:00:00,업무수행현황
2cda4193-87d4-558f-a913-9dfb1248da07,b7fccee1-ab14-5e8b-9dab-bd20ef941142,running,,,발표 일정 등록,2026-04-15T09:00:00,박윤승,PMO1팀,노원구 2026년 정보통신장비 교체 및 보강 계약(긴급) - 발표 일정 등록,노원구 2026년 정보통신장비 교체 및 보강 계약(긴급) 프로젝트의 발표 일정 등록 이력입니다.,"{""이슈"": ""발표 일정 등록"", ""조치사항"": ""기록 저장"", ""다음 단계"": ""후속 검토"", ""관련 일정"": {""label"": ""점검 일정"", ""date"": ""2026-04-18 00:00""}}",점검 일정,2026-04-18T10:00:00,업무수행현황
c5a673c8-bc1b-5824-9b1a-d7ee11dcb148,b7fccee1-ab14-5e8b-9dab-bd20ef941142,running,,,진행 메모,2026-04-24T10:00:00,이운정,PMO2팀,노원구 2026년 정보통신장비 교체 및 보강 계약(긴급) - 진행 메모,노원구 2026년 정보통신장비 교체 및 보강 계약(긴급) 프로젝트의 진행 메모 이력입니다.,"{""이슈"": ""진행 메모"", ""조치사항"": ""기록 저장"", ""다음 단계"": ""후속 검토"", ""관련 일정"": {""label"": ""점검 일정"", ""date"": ""2026-04-27 00:00""}}",점검 일정,2026-04-27T10:00:00,업무수행현황
43ea43b6-8fde-5b34-90d1-1fd1f9ea79dd,9240823a-a441-5504-8256-ee3f285ac420,running,,,진행 메모,2026-05-06T09:00:00,이운정,PMO2팀,하나은행 차세대 디도스(DDoS) 방어 장비 도입 - 진행 메모,하나은행 차세대 디도스(DDoS) 방어 장비 도입 프로젝트의 진행 메모 이력입니다.,"{""이슈"": ""진행 메모"", ""조치사항"": ""기록 저장"", ""다음 단계"": ""후속 검토"", ""관련 일정"": {""label"": ""점검 일정"", ""date"": ""2026-05-09 00:00""}}",점검 일정,2026-05-09T10:00:00,업무수행현황
e18f5cd9-59d0-5aca-a85e-749c3de9d9eb,9240823a-a441-5504-8256-ee3f285ac420,running,,,업무지정 등록,2026-05-15T10:00:00,정명용,기술지원팀,하나은행 차세대 디도스(DDoS) 방어 장비 도입 - 업무지정 등록,하나은행 차세대 디도스(DDoS) 방어 장비 도입 프로젝트의 업무지정 등록 이력입니다.,"{""이슈"": ""업무지정 등록"", ""조치사항"": ""기록 저장"", ""다음 단계"": ""후속 검토"", ""관련 일정"": {""label"": ""점검 일정"", ""date"": ""2026-05-18 00:00""}}",점검 일정,2026-05-18T10:00:00,업무수행현황
7d933c49-7473-558d-bf50-8fb3985f5121,638c1f02-d9aa-5235-9b1d-ab2b0ee94abb,running,,,업무지정 등록,2026-06-07T09:00:00,정명용,기술지원팀,프로젝트 012 통합 운영 사업 - 업무지정 등록,프로젝트 012 통합 운영 사업 프로젝트의 업무지정 등록 이력입니다.,"{""이슈"": ""업무지정 등록"", ""조치사항"": ""기록 저장"", ""다음 단계"": ""후속 검토"", ""관련 일정"": {""label"": ""점검 일정"", ""date"": ""2026-06-10 00:00""}}",점검 일정,2026-06-10T10:00:00,업무수행현황
48733e5a-1e19-5ec6-b784-adf13b02cd0a,638c1f02-d9aa-5235-9b1d-ab2b0ee94abb,running,,,일정 변경,2026-06-16T10:00:00,고광종,PMO1팀,프로젝트 012 통합 운영 사업 - 일정 변경,프로젝트 012 통합 운영 사업 프로젝트의 일정 변경 이력입니다.,"{""이슈"": ""일정 변경"", ""조치사항"": ""기록 저장"", ""다음 단계"": ""후속 검토"", ""관련 일정"": {""label"": ""점검 일정"", ""date"": ""2026-06-19 00:00""}}",점검 일정,2026-06-19T10:00:00,업무수행현황
f4a5eba7-f42c-5feb-a6a9-31bd8dd9acd8,a573434a-1f22-5027-a430-45c7add0c5d2,running,,,일정 변경,2026-01-08T09:00:00,고광종,PMO1팀,프로젝트 013 통합 운영 사업 - 일정 변경,프로젝트 013 통합 운영 사업 프로젝트의 일정 변경 이력입니다.,"{""이슈"": ""일정 변경"", ""조치사항"": ""기록 저장"", ""다음 단계"": ""후속 검토"", ""관련 일정"": {""label"": ""점검 일정"", ""date"": ""2026-01-11 00:00""}}",점검 일정,2026-01-11T10:00:00,업무수행현황
0c58802f-c8ff-5a94-b109-2ee4237a489b,a573434a-1f22-5027-a430-45c7add0c5d2,running,,,이슈,2026-01-17T10:00:00,심우정,PMO2팀,프로젝트 013 통합 운영 사업 - 이슈,프로젝트 013 통합 운영 사업 프로젝트의 이슈 이력입니다.,"{""이슈"": ""이슈"", ""조치사항"": ""기록 저장"", ""다음 단계"": ""후속 검토"", ""관련 일정"": {""label"": ""점검 일정"", ""date"": ""2026-01-20 00:00""}}",점검 일정,2026-01-20T10:00:00,업무수행현황
80fd39b5-9a44-5356-95d4-a6caa62ddb1e,51f81eea-769a-559a-9fb6-52437b8a35a4,running,,,이슈,2026-02-09T09:00:00,심우정,PMO2팀,프로젝트 014 통합 운영 사업 - 이슈,프로젝트 014 통합 운영 사업 프로젝트의 이슈 이력입니다.,"{""이슈"": ""이슈"", ""조치사항"": ""기록 저장"", ""다음 단계"": ""후속 검토"", ""관련 일정"": {""label"": ""점검 일정"", ""date"": ""2026-02-12 00:00""}}",점검 일정,2026-02-12T10:00:00,업무수행현황
d22a6631-2b91-5741-890e-bdea65d892c1,51f81eea-769a-559a-9fb6-52437b8a35a4,running,win,running,상태 변경,2026-02-18T10:00:00,이광만,기술지원팀,프로젝트 014 통합 운영 사업 - 상태 변경,프로젝트 014 통합 운영 사업 프로젝트의 상태 변경 이력입니다.,"{""이슈"": ""상태 변경"", ""조치사항"": ""기록 저장"", ""다음 단계"": ""후속 검토"", ""관련 일정"": {""label"": ""점검 일정"", ""date"": ""2026-02-21 00:00""}}",점검 일정,2026-02-21T10:00:00,업무수행현황
b519de36-d95c-5d9b-bfc1-95b179cde62e,f54c2f83-ee0a-5f46-8970-b5fbdf0fb4a6,running,win,running,상태 변경,2026-03-10T09:00:00,이광만,기술지원팀,프로젝트 015 통합 운영 사업 - 상태 변경,프로젝트 015 통합 운영 사업 프로젝트의 상태 변경 이력입니다.,"{""이슈"": ""상태 변경"", ""조치사항"": ""기록 저장"", ""다음 단계"": ""후속 검토"", ""관련 일정"": {""label"": ""점검 일정"", ""date"": ""2026-03-13 00:00""}}",점검 일정,2026-03-13T10:00:00,업무수행현황
cb22e26b-d08f-5f55-be38-82128633e106,f54c2f83-ee0a-5f46-8970-b5fbdf0fb4a6,running,,,투입 인력 변경,2026-03-19T10:00:00,조양규,PMO1팀,프로젝트 015 통합 운영 사업 - 투입 인력 변경,프로젝트 015 통합 운영 사업 프로젝트의 투입 인력 변경 이력입니다.,"{""이슈"": ""투입 인력 변경"", ""조치사항"": ""기록 저장"", ""다음 단계"": ""후속 검토"", ""관련 일정"": {""label"": ""점검 일정"", ""date"": ""2026-03-22 00:00""}}",점검 일정,2026-03-22T10:00:00,업무수행현황
c3eeaaa8-743e-5295-b670-b4bfa7c5ced7,f5fea2d8-ca24-5b8d-a7b2-b5e4e2df6c41,running,,,투입 인력 변경,2026-04-11T09:00:00,조양규,PMO1팀,프로젝트 016 통합 운영 사업 - 투입 인력 변경,프로젝트 016 통합 운영 사업 프로젝트의 투입 인력 변경 이력입니다.,"{""이슈"": ""투입 인력 변경"", ""조치사항"": ""기록 저장"", ""다음 단계"": ""후속 검토"", ""관련 일정"": {""label"": ""점검 일정"", ""date"": ""2026-04-14 00:00""}}",점검 일정,2026-04-14T10:00:00,업무수행현황
30eb76c1-6143-5d8a-b0dc-ccf3d2cd29f1,f5fea2d8-ca24-5b8d-a7b2-b5e4e2df6c41,running,,,발표 일정 등록,2026-04-20T10:00:00,조재훈,PMO2팀,프로젝트 016 통합 운영 사업 - 발표 일정 등록,프로젝트 016 통합 운영 사업 프로젝트의 발표 일정 등록 이력입니다.,"{""이슈"": ""발표 일정 등록"", ""조치사항"": ""기록 저장"", ""다음 단계"": ""후속 검토"", ""관련 일정"": {""label"": ""점검 일정"", ""date"": ""2026-04-23 00:00""}}",점검 일정,2026-04-23T10:00:00,업무수행현황
3959ce6e-9c7f-5fa2-8793-5206ddf21c07,e1e55b51-24ac-5f32-b766-2e4a93592a5a,running,,,발표 일정 등록,2026-05-12T09:00:00,조재훈,PMO2팀,프로젝트 017 통합 운영 사업 - 발표 일정 등록,프로젝트 017 통합 운영 사업 프로젝트의 발표 일정 등록 이력입니다.,"{""이슈"": ""발표 일정 등록"", ""조치사항"": ""기록 저장"", ""다음 단계"": ""후속 검토"", ""관련 일정"": {""label"": ""점검 일정"", ""date"": ""2026-05-15 00:00""}}",점검 일정,2026-05-15T10:00:00,업무수행현황
1031b9b9-a04b-5886-96ff-f302ccfcc8e2,e1e55b51-24ac-5f32-b766-2e4a93592a5a,running,,,진행 메모,2026-05-21T10:00:00,심성훈,기술지원팀,프로젝트 017 통합 운영 사업 - 진행 메모,프로젝트 017 통합 운영 사업 프로젝트의 진행 메모 이력입니다.,"{""이슈"": ""진행 메모"", ""조치사항"": ""기록 저장"", ""다음 단계"": ""후속 검토"", ""관련 일정"": {""label"": ""점검 일정"", ""date"": ""2026-05-24 00:00""}}",점검 일정,2026-05-24T10:00:00,업무수행현황
0176dd6d-7f2a-5e77-bf1c-6420d2ac8edd,7b5a9a0a-e1b9-5283-944e-4d3d6e44dff3,running,,,진행 메모,2026-06-13T09:00:00,심성훈,기술지원팀,프로젝트 018 통합 운영 사업 - 진행 메모,프로젝트 018 통합 운영 사업 프로젝트의 진행 메모 이력입니다.,"{""이슈"": ""진행 메모"", ""조치사항"": ""기록 저장"", ""다음 단계"": ""후속 검토"", ""관련 일정"": {""label"": ""점검 일정"", ""date"": ""2026-06-16 00:00""}}",점검 일정,2026-06-16T10:00:00,scenario
0b4291a9-a2be-5b8c-8647-b0ccba625e8e,7b5a9a0a-e1b9-5283-944e-4d3d6e44dff3,running,,,업무지정 등록,2026-06-22T10:00:00,김성필,PMO1팀,프로젝트 018 통합 운영 사업 - 업무지정 등록,프로젝트 018 통합 운영 사업 프로젝트의 업무지정 등록 이력입니다.,"{""이슈"": ""업무지정 등록"", ""조치사항"": ""기록 저장"", ""다음 단계"": ""후속 검토"", ""관련 일정"": {""label"": ""점검 일정"", ""date"": ""2026-06-25 00:00""}}",점검 일정,2026-06-25T10:00:00,scenario
7177616d-a666-53b9-8627-ee6fa8b8796e,6654ffbc-f89d-52d2-9d4e-02261bba5ea3,running,,,업무지정 등록,2026-01-14T09:00:00,김성필,PMO1팀,프로젝트 019 통합 운영 사업 - 업무지정 등록,프로젝트 019 통합 운영 사업 프로젝트의 업무지정 등록 이력입니다.,"{""이슈"": ""업무지정 등록"", ""조치사항"": ""기록 저장"", ""다음 단계"": ""후속 검토"", ""관련 일정"": {""label"": ""점검 일정"", ""date"": ""2026-01-17 00:00""}}",점검 일정,2026-01-17T10:00:00,scenario
18506346-6659-53f6-9339-f12b54d6a0f7,6654ffbc-f89d-52d2-9d4e-02261bba5ea3,running,,,일정 변경,2026-01-23T10:00:00,김찬호,PMO2팀,프로젝트 019 통합 운영 사업 - 일정 변경,프로젝트 019 통합 운영 사업 프로젝트의 일정 변경 이력입니다.,"{""이슈"": ""일정 변경"", ""조치사항"": ""기록 저장"", ""다음 단계"": ""후속 검토"", ""관련 일정"": {""label"": ""점검 일정"", ""date"": ""2026-01-26 00:00""}}",점검 일정,2026-01-26T10:00:00,scenario
b2ccaeb9-61b2-574a-b08e-b9bf1e691c1e,76f790b6-edd2-5e86-a618-8678fdaa40e4,running,,,일정 변경,2026-02-15T09:00:00,김찬호,PMO2팀,프로젝트 020 통합 운영 사업 - 일정 변경,프로젝트 020 통합 운영 사업 프로젝트의 일정 변경 이력입니다.,"{""이슈"": ""일정 변경"", ""조치사항"": ""기록 저장"", ""다음 단계"": ""후속 검토"", ""관련 일정"": {""label"": ""점검 일정"", ""date"": ""2026-02-18 00:00""}}",점검 일정,2026-02-18T10:00:00,scenario
ba8f943b-b84e-523c-b143-c6c97cc33dc6,76f790b6-edd2-5e86-a618-8678fdaa40e4,running,,,이슈,2026-02-24T10:00:00,이문희,기술지원팀,프로젝트 020 통합 운영 사업 - 이슈,프로젝트 020 통합 운영 사업 프로젝트의 이슈 이력입니다.,"{""이슈"": ""이슈"", ""조치사항"": ""기록 저장"", ""다음 단계"": ""후속 검토"", ""관련 일정"": {""label"": ""점검 일정"", ""date"": ""2026-02-27 00:00""}}",점검 일정,2026-02-27T10:00:00,scenario
d2abd9a6-a185-534c-b510-1aa5923a5201,eeea89e2-e679-5f92-9994-dd6abd1814c6,running,,,이슈,2026-03-06T09:00:00,이문희,기술지원팀,프로젝트 021 통합 운영 사업 - 이슈,프로젝트 021 통합 운영 사업 프로젝트의 이슈 이력입니다.,"{""이슈"": ""이슈"", ""조치사항"": ""기록 저장"", ""다음 단계"": ""후속 검토"", ""관련 일정"": {""label"": ""점검 일정"", ""date"": ""2026-03-09 00:00""}}",점검 일정,2026-03-09T10:00:00,scenario
7757ecc2-c000-5294-b2eb-74706fd2d9fd,eeea89e2-e679-5f92-9994-dd6abd1814c6,running,win,running,상태 변경,2026-03-15T10:00:00,박윤승,PMO1팀,프로젝트 021 통합 운영 사업 - 상태 변경,프로젝트 021 통합 운영 사업 프로젝트의 상태 변경 이력입니다.,"{""이슈"": ""상태 변경"", ""조치사항"": ""기록 저장"", ""다음 단계"": ""후속 검토"", ""관련 일정"": {""label"": ""점검 일정"", ""date"": ""2026-03-18 00:00""}}",점검 일정,2026-03-18T10:00:00,scenario
a394321f-d9cc-5981-a1ca-96e340ece7f5,29b8a6d9-0c87-5b1a-8d90-dc4666d90a68,running,win,running,상태 변경,2026-04-07T09:00:00,박윤승,PMO1팀,프로젝트 022 통합 운영 사업 - 상태 변경,프로젝트 022 통합 운영 사업 프로젝트의 상태 변경 이력입니다.,"{""이슈"": ""상태 변경"", ""조치사항"": ""기록 저장"", ""다음 단계"": ""후속 검토"", ""관련 일정"": {""label"": ""점검 일정"", ""date"": ""2026-04-10 00:00""}}",점검 일정,2026-04-10T10:00:00,scenario
5aec8069-6f56-5871-946a-25438e0bdc2f,29b8a6d9-0c87-5b1a-8d90-dc4666d90a68,running,,,투입 인력 변경,2026-04-16T10:00:00,이운정,PMO2팀,프로젝트 022 통합 운영 사업 - 투입 인력 변경,프로젝트 022 통합 운영 사업 프로젝트의 투입 인력 변경 이력입니다.,"{""이슈"": ""투입 인력 변경"", ""조치사항"": ""기록 저장"", ""다음 단계"": ""후속 검토"", ""관련 일정"": {""label"": ""점검 일정"", ""date"": ""2026-04-19 00:00""}}",점검 일정,2026-04-19T10:00:00,scenario
3b79fce7-c2f7-5e48-bf84-727e5c7f0eaa,d1fe66b3-d1df-513b-b5af-9b4028923ecb,running,,,투입 인력 변경,2026-05-08T09:00:00,이운정,PMO2팀,프로젝트 023 통합 운영 사업 - 투입 인력 변경,프로젝트 023 통합 운영 사업 프로젝트의 투입 인력 변경 이력입니다.,"{""이슈"": ""투입 인력 변경"", ""조치사항"": ""기록 저장"", ""다음 단계"": ""후속 검토"", ""관련 일정"": {""label"": ""점검 일정"", ""date"": ""2026-05-11 00:00""}}",점검 일정,2026-05-11T10:00:00,scenario
f230663c-afba-5f1f-948c-72f80b9d4bd0,d1fe66b3-d1df-513b-b5af-9b4028923ecb,running,,,발표 일정 등록,2026-05-17T10:00:00,정명용,기술지원팀,프로젝트 023 통합 운영 사업 - 발표 일정 등록,프로젝트 023 통합 운영 사업 프로젝트의 발표 일정 등록 이력입니다.,"{""이슈"": ""발표 일정 등록"", ""조치사항"": ""기록 저장"", ""다음 단계"": ""후속 검토"", ""관련 일정"": {""label"": ""점검 일정"", ""date"": ""2026-05-20 00:00""}}",점검 일정,2026-05-20T10:00:00,scenario
dd8951fc-5f84-5b64-8a92-ee81e831f7d8,3e0c6a8e-8dd1-5eb5-b06e-aeceb5bc2590,running,,,발표 일정 등록,2026-06-09T09:00:00,정명용,기술지원팀,프로젝트 024 통합 운영 사업 - 발표 일정 등록,프로젝트 024 통합 운영 사업 프로젝트의 발표 일정 등록 이력입니다.,"{""이슈"": ""발표 일정 등록"", ""조치사항"": ""기록 저장"", ""다음 단계"": ""후속 검토"", ""관련 일정"": {""label"": ""점검 일정"", ""date"": ""2026-06-12 00:00""}}",점검 일정,2026-06-12T10:00:00,scenario
0bc3770b-3d7e-5f51-aeab-966d18821599,3e0c6a8e-8dd1-5eb5-b06e-aeceb5bc2590,running,,,진행 메모,2026-06-18T10:00:00,고광종,PMO1팀,프로젝트 024 통합 운영 사업 - 진행 메모,프로젝트 024 통합 운영 사업 프로젝트의 진행 메모 이력입니다.,"{""이슈"": ""진행 메모"", ""조치사항"": ""기록 저장"", ""다음 단계"": ""후속 검토"", ""관련 일정"": {""label"": ""점검 일정"", ""date"": ""2026-06-21 00:00""}}",점검 일정,2026-06-21T10:00:00,scenario
2aa6a2c4-be44-5d19-806d-3496de4f7624,8e317df6-b828-5fa2-bd9b-b157e78a60fa,running,,,진행 메모,2026-01-10T09:00:00,고광종,PMO1팀,프로젝트 025 통합 운영 사업 - 진행 메모,프로젝트 025 통합 운영 사업 프로젝트의 진행 메모 이력입니다.,"{""이슈"": ""진행 메모"", ""조치사항"": ""기록 저장"", ""다음 단계"": ""후속 검토"", ""관련 일정"": {""label"": ""점검 일정"", ""date"": ""2026-01-13 00:00""}}",점검 일정,2026-01-13T10:00:00,scenario
b488625a-bf5d-5372-aefd-88efe1702fe4,8e317df6-b828-5fa2-bd9b-b157e78a60fa,running,,,업무지정 등록,2026-01-19T10:00:00,심우정,PMO2팀,프로젝트 025 통합 운영 사업 - 업무지정 등록,프로젝트 025 통합 운영 사업 프로젝트의 업무지정 등록 이력입니다.,"{""이슈"": ""업무지정 등록"", ""조치사항"": ""기록 저장"", ""다음 단계"": ""후속 검토"", ""관련 일정"": {""label"": ""점검 일정"", ""date"": ""2026-01-22 00:00""}}",점검 일정,2026-01-22T10:00:00,scenario
24f81305-83ab-5644-bdfd-d6b79d02d179,5c8eb1dc-5ee5-5a49-85b4-2751b31180ec,running,,,업무지정 등록,2026-02-11T09:00:00,심우정,PMO2팀,프로젝트 026 통합 운영 사업 - 업무지정 등록,프로젝트 026 통합 운영 사업 프로젝트의 업무지정 등록 이력입니다.,"{""이슈"": ""업무지정 등록"", ""조치사항"": ""기록 저장"", ""다음 단계"": ""후속 검토"", ""관련 일정"": {""label"": ""점검 일정"", ""date"": ""2026-02-14 00:00""}}",점검 일정,2026-02-14T10:00:00,scenario
ea38baaf-870a-55f4-9af2-3af09cc0e975,5c8eb1dc-5ee5-5a49-85b4-2751b31180ec,running,,,일정 변경,2026-02-20T10:00:00,이광만,기술지원팀,프로젝트 026 통합 운영 사업 - 일정 변경,프로젝트 026 통합 운영 사업 프로젝트의 일정 변경 이력입니다.,"{""이슈"": ""일정 변경"", ""조치사항"": ""기록 저장"", ""다음 단계"": ""후속 검토"", ""관련 일정"": {""label"": ""점검 일정"", ""date"": ""2026-02-23 00:00""}}",점검 일정,2026-02-23T10:00:00,scenario
67af2653-29bd-543c-b980-785187a31fb4,27e448be-5d13-5a65-a2f0-b79690f77e2f,running,,,일정 변경,2026-03-12T09:00:00,이광만,기술지원팀,프로젝트 027 통합 운영 사업 - 일정 변경,프로젝트 027 통합 운영 사업 프로젝트의 일정 변경 이력입니다.,"{""이슈"": ""일정 변경"", ""조치사항"": ""기록 저장"", ""다음 단계"": ""후속 검토"", ""관련 일정"": {""label"": ""점검 일정"", ""date"": ""2026-03-15 00:00""}}",점검 일정,2026-03-15T10:00:00,scenario
5a31cac2-e49f-59f3-9a3d-a768002a45cc,27e448be-5d13-5a65-a2f0-b79690f77e2f,running,,,이슈,2026-03-21T10:00:00,조양규,PMO1팀,프로젝트 027 통합 운영 사업 - 이슈,프로젝트 027 통합 운영 사업 프로젝트의 이슈 이력입니다.,"{""이슈"": ""이슈"", ""조치사항"": ""기록 저장"", ""다음 단계"": ""후속 검토"", ""관련 일정"": {""label"": ""점검 일정"", ""date"": ""2026-03-24 00:00""}}",점검 일정,2026-03-24T10:00:00,scenario
736e6955-6fd0-5bab-8473-34b83e65f37a,fabacb78-4022-5572-852e-1b43f13410f6,running,,,이슈,2026-04-13T09:00:00,조양규,PMO1팀,프로젝트 028 통합 운영 사업 - 이슈,프로젝트 028 통합 운영 사업 프로젝트의 이슈 이력입니다.,"{""이슈"": ""이슈"", ""조치사항"": ""기록 저장"", ""다음 단계"": ""후속 검토"", ""관련 일정"": {""label"": ""점검 일정"", ""date"": ""2026-04-16 00:00""}}",점검 일정,2026-04-16T10:00:00,scenario
e55551c8-35c8-5593-9f6f-3b4a60b996f1,fabacb78-4022-5572-852e-1b43f13410f6,running,win,running,상태 변경,2026-04-22T10:00:00,조재훈,PMO2팀,프로젝트 028 통합 운영 사업 - 상태 변경,프로젝트 028 통합 운영 사업 프로젝트의 상태 변경 이력입니다.,"{""이슈"": ""상태 변경"", ""조치사항"": ""기록 저장"", ""다음 단계"": ""후속 검토"", ""관련 일정"": {""label"": ""점검 일정"", ""date"": ""2026-04-25 00:00""}}",점검 일정,2026-04-25T10:00:00,scenario
a2083e1a-228d-5308-937b-5ff16203b12b,9832ad92-e886-58df-bc83-dd9dc7385f3d,running,win,running,상태 변경,2026-05-14T09:00:00,조재훈,PMO2팀,프로젝트 029 통합 운영 사업 - 상태 변경,프로젝트 029 통합 운영 사업 프로젝트의 상태 변경 이력입니다.,"{""이슈"": ""상태 변경"", ""조치사항"": ""기록 저장"", ""다음 단계"": ""후속 검토"", ""관련 일정"": {""label"": ""점검 일정"", ""date"": ""2026-05-17 00:00""}}",점검 일정,2026-05-17T10:00:00,scenario
59e9e474-d0d6-5763-acca-861e66acbca7,9832ad92-e886-58df-bc83-dd9dc7385f3d,running,,,투입 인력 변경,2026-05-23T10:00:00,심성훈,기술지원팀,프로젝트 029 통합 운영 사업 - 투입 인력 변경,프로젝트 029 통합 운영 사업 프로젝트의 투입 인력 변경 이력입니다.,"{""이슈"": ""투입 인력 변경"", ""조치사항"": ""기록 저장"", ""다음 단계"": ""후속 검토"", ""관련 일정"": {""label"": ""점검 일정"", ""date"": ""2026-05-26 00:00""}}",점검 일정,2026-05-26T10:00:00,scenario
165389dd-c97c-5a2d-9c70-3e6c67d1b771,2ae21071-d992-5637-8785-5352b35f2f20,running,,,투입 인력 변경,2026-06-15T09:00:00,심성훈,기술지원팀,프로젝트 030 통합 운영 사업 - 투입 인력 변경,프로젝트 030 통합 운영 사업 프로젝트의 투입 인력 변경 이력입니다.,"{""이슈"": ""투입 인력 변경"", ""조치사항"": ""기록 저장"", ""다음 단계"": ""후속 검토"", ""관련 일정"": {""label"": ""점검 일정"", ""date"": ""2026-06-18 00:00""}}",점검 일정,2026-06-18T10:00:00,scenario
1769495c-dc84-5d23-bfa7-3a36e8cfe681,2ae21071-d992-5637-8785-5352b35f2f20,running,,,발표 일정 등록,2026-06-24T10:00:00,김성필,PMO1팀,프로젝트 030 통합 운영 사업 - 발표 일정 등록,프로젝트 030 통합 운영 사업 프로젝트의 발표 일정 등록 이력입니다.,"{""이슈"": ""발표 일정 등록"", ""조치사항"": ""기록 저장"", ""다음 단계"": ""후속 검토"", ""관련 일정"": {""label"": ""점검 일정"", ""date"": ""2026-06-27 00:00""}}",점검 일정,2026-06-27T10:00:00,scenario
b30cfb67-1121-5606-aaa0-be731d0e103a,f48aee5c-11c9-5c22-b5e7-cafa6dd33744,support,,,발표 일정 등록,2026-01-06T09:00:00,김성필,PMO1팀,프로젝트 031 통합 운영 사업 - 발표 일정 등록,프로젝트 031 통합 운영 사업 프로젝트의 발표 일정 등록 이력입니다.,"{""이슈"": ""발표 일정 등록"", ""조치사항"": ""기록 저장"", ""다음 단계"": ""후속 검토"", ""관련 일정"": {""label"": ""점검 일정"", ""date"": ""2026-01-09 00:00""}}",점검 일정,2026-01-09T10:00:00,scenario
0a2b7499-30ee-5601-ab86-e31e6443120b,f48aee5c-11c9-5c22-b5e7-cafa6dd33744,support,,,진행 메모,2026-01-15T10:00:00,김찬호,PMO2팀,프로젝트 031 통합 운영 사업 - 진행 메모,프로젝트 031 통합 운영 사업 프로젝트의 진행 메모 이력입니다.,"{""이슈"": ""진행 메모"", ""조치사항"": ""기록 저장"", ""다음 단계"": ""후속 검토"", ""관련 일정"": {""label"": ""점검 일정"", ""date"": ""2026-01-18 00:00""}}",점검 일정,2026-01-18T10:00:00,scenario
21894755-03c8-5a57-8348-383f8c7b9582,d37a4225-e293-59df-8b7b-1d6d24ab1dad,support,,,진행 메모,2026-02-07T09:00:00,김찬호,PMO2팀,프로젝트 032 통합 운영 사업 - 진행 메모,프로젝트 032 통합 운영 사업 프로젝트의 진행 메모 이력입니다.,"{""이슈"": ""진행 메모"", ""조치사항"": ""기록 저장"", ""다음 단계"": ""후속 검토"", ""관련 일정"": {""label"": ""점검 일정"", ""date"": ""2026-02-10 00:00""}}",점검 일정,2026-02-10T10:00:00,scenario
724826bf-bf9e-5c48-847b-67ff0677be74,d37a4225-e293-59df-8b7b-1d6d24ab1dad,support,,,업무지정 등록,2026-02-16T10:00:00,이문희,기술지원팀,프로젝트 032 통합 운영 사업 - 업무지정 등록,프로젝트 032 통합 운영 사업 프로젝트의 업무지정 등록 이력입니다.,"{""이슈"": ""업무지정 등록"", ""조치사항"": ""기록 저장"", ""다음 단계"": ""후속 검토"", ""관련 일정"": {""label"": ""점검 일정"", ""date"": ""2026-02-19 00:00""}}",점검 일정,2026-02-19T10:00:00,scenario
fccfe878-519c-5cee-9658-f8c75e2317bf,c5af4131-097a-5f08-b965-afae943f2d35,support,,,업무지정 등록,2026-03-08T09:00:00,이문희,기술지원팀,프로젝트 033 통합 운영 사업 - 업무지정 등록,프로젝트 033 통합 운영 사업 프로젝트의 업무지정 등록 이력입니다.,"{""이슈"": ""업무지정 등록"", ""조치사항"": ""기록 저장"", ""다음 단계"": ""후속 검토"", ""관련 일정"": {""label"": ""점검 일정"", ""date"": ""2026-03-11 00:00""}}",점검 일정,2026-03-11T10:00:00,scenario
5df0a527-6610-58ec-80af-ef6180024e00,c5af4131-097a-5f08-b965-afae943f2d35,support,,,일정 변경,2026-03-17T10:00:00,박윤승,PMO1팀,프로젝트 033 통합 운영 사업 - 일정 변경,프로젝트 033 통합 운영 사업 프로젝트의 일정 변경 이력입니다.,"{""이슈"": ""일정 변경"", ""조치사항"": ""기록 저장"", ""다음 단계"": ""후속 검토"", ""관련 일정"": {""label"": ""점검 일정"", ""date"": ""2026-03-20 00:00""}}",점검 일정,2026-03-20T10:00:00,scenario
ddea3ba8-5268-596d-bd30-92185e5d0ef3,94880598-361a-50ac-90a6-8fad2f682e09,support,,,일정 변경,2026-04-09T09:00:00,박윤승,PMO1팀,프로젝트 034 통합 운영 사업 - 일정 변경,프로젝트 034 통합 운영 사업 프로젝트의 일정 변경 이력입니다.,"{""이슈"": ""일정 변경"", ""조치사항"": ""기록 저장"", ""다음 단계"": ""후속 검토"", ""관련 일정"": {""label"": ""점검 일정"", ""date"": ""2026-04-12 00:00""}}",점검 일정,2026-04-12T10:00:00,scenario
401caa08-8512-545d-b0b0-72e9103f4860,94880598-361a-50ac-90a6-8fad2f682e09,support,,,이슈,2026-04-18T10:00:00,이운정,PMO2팀,프로젝트 034 통합 운영 사업 - 이슈,프로젝트 034 통합 운영 사업 프로젝트의 이슈 이력입니다.,"{""이슈"": ""이슈"", ""조치사항"": ""기록 저장"", ""다음 단계"": ""후속 검토"", ""관련 일정"": {""label"": ""점검 일정"", ""date"": ""2026-04-21 00:00""}}",점검 일정,2026-04-21T10:00:00,scenario
24c8325c-7369-5a51-93ac-9ffa16d4dd7e,b0c16008-482f-52e5-bcb6-bcfe83dcf17f,support,,,이슈,2026-05-10T09:00:00,이운정,PMO2팀,프로젝트 035 통합 운영 사업 - 이슈,프로젝트 035 통합 운영 사업 프로젝트의 이슈 이력입니다.,"{""이슈"": ""이슈"", ""조치사항"": ""기록 저장"", ""다음 단계"": ""후속 검토"", ""관련 일정"": {""label"": ""점검 일정"", ""date"": ""2026-05-13 00:00""}}",점검 일정,2026-05-13T10:00:00,scenario
3c55bdf5-8a4b-52db-b8ab-f095dd90453a,b0c16008-482f-52e5-bcb6-bcfe83dcf17f,support,,,상태 변경,2026-05-19T10:00:00,정명용,기술지원팀,프로젝트 035 통합 운영 사업 - 상태 변경,프로젝트 035 통합 운영 사업 프로젝트의 상태 변경 이력입니다.,"{""이슈"": ""상태 변경"", ""조치사항"": ""기록 저장"", ""다음 단계"": ""후속 검토"", ""관련 일정"": {""label"": ""점검 일정"", ""date"": ""2026-05-22 00:00""}}",점검 일정,2026-05-22T10:00:00,scenario
4ff317a4-2907-5a2f-8dae-12bd959e5d7a,51431e06-fd27-578f-bf16-0e4ad6d6316a,support,,,상태 변경,2026-06-11T09:00:00,정명용,기술지원팀,프로젝트 036 통합 운영 사업 - 상태 변경,프로젝트 036 통합 운영 사업 프로젝트의 상태 변경 이력입니다.,"{""이슈"": ""상태 변경"", ""조치사항"": ""기록 저장"", ""다음 단계"": ""후속 검토"", ""관련 일정"": {""label"": ""점검 일정"", ""date"": ""2026-06-14 00:00""}}",점검 일정,2026-06-14T10:00:00,scenario
68f8b315-72a5-58a2-ae00-2ac40e61ebbd,51431e06-fd27-578f-bf16-0e4ad6d6316a,support,,,투입 인력 변경,2026-06-20T10:00:00,고광종,PMO1팀,프로젝트 036 통합 운영 사업 - 투입 인력 변경,프로젝트 036 통합 운영 사업 프로젝트의 투입 인력 변경 이력입니다.,"{""이슈"": ""투입 인력 변경"", ""조치사항"": ""기록 저장"", ""다음 단계"": ""후속 검토"", ""관련 일정"": {""label"": ""점검 일정"", ""date"": ""2026-06-23 00:00""}}",점검 일정,2026-06-23T10:00:00,scenario
ef90f33f-b3ce-5adb-af8a-246b77bcf704,c227125c-e817-57b0-9a2d-10c6d35749ea,support,,,투입 인력 변경,2026-01-12T09:00:00,고광종,PMO1팀,프로젝트 037 통합 운영 사업 - 투입 인력 변경,프로젝트 037 통합 운영 사업 프로젝트의 투입 인력 변경 이력입니다.,"{""이슈"": ""투입 인력 변경"", ""조치사항"": ""기록 저장"", ""다음 단계"": ""후속 검토"", ""관련 일정"": {""label"": ""점검 일정"", ""date"": ""2026-01-15 00:00""}}",점검 일정,2026-01-15T10:00:00,scenario
947a786e-0705-5e52-a784-cf664e704dfd,c227125c-e817-57b0-9a2d-10c6d35749ea,support,,,발표 일정 등록,2026-01-21T10:00:00,심우정,PMO2팀,프로젝트 037 통합 운영 사업 - 발표 일정 등록,프로젝트 037 통합 운영 사업 프로젝트의 발표 일정 등록 이력입니다.,"{""이슈"": ""발표 일정 등록"", ""조치사항"": ""기록 저장"", ""다음 단계"": ""후속 검토"", ""관련 일정"": {""label"": ""점검 일정"", ""date"": ""2026-01-24 00:00""}}",점검 일정,2026-01-24T10:00:00,scenario
3e2fe8f4-a053-5635-bfb4-28aa4b23c7c8,e922eddb-36e0-55b4-b073-f87506841ae8,support,,,발표 일정 등록,2026-02-13T09:00:00,심우정,PMO2팀,프로젝트 038 통합 운영 사업 - 발표 일정 등록,프로젝트 038 통합 운영 사업 프로젝트의 발표 일정 등록 이력입니다.,"{""이슈"": ""발표 일정 등록"", ""조치사항"": ""기록 저장"", ""다음 단계"": ""후속 검토"", ""관련 일정"": {""label"": ""점검 일정"", ""date"": ""2026-02-16 00:00""}}",점검 일정,2026-02-16T10:00:00,scenario
725be92c-08e2-5e3a-b6a6-96b3d25d6c11,e922eddb-36e0-55b4-b073-f87506841ae8,support,,,진행 메모,2026-02-22T10:00:00,이광만,기술지원팀,프로젝트 038 통합 운영 사업 - 진행 메모,프로젝트 038 통합 운영 사업 프로젝트의 진행 메모 이력입니다.,"{""이슈"": ""진행 메모"", ""조치사항"": ""기록 저장"", ""다음 단계"": ""후속 검토"", ""관련 일정"": {""label"": ""점검 일정"", ""date"": ""2026-02-25 00:00""}}",점검 일정,2026-02-25T10:00:00,scenario
0195bdb8-1670-518f-ba6b-fa89a4003390,ca920b2c-2d78-562c-a6e6-b7951c84468e,support,,,진행 메모,2026-03-14T09:00:00,이광만,기술지원팀,프로젝트 039 통합 운영 사업 - 진행 메모,프로젝트 039 통합 운영 사업 프로젝트의 진행 메모 이력입니다.,"{""이슈"": ""진행 메모"", ""조치사항"": ""기록 저장"", ""다음 단계"": ""후속 검토"", ""관련 일정"": {""label"": ""점검 일정"", ""date"": ""2026-03-17 00:00""}}",점검 일정,2026-03-17T10:00:00,scenario
a1e22c4d-7459-585b-86cd-c17a9ce0f554,ca920b2c-2d78-562c-a6e6-b7951c84468e,support,,,업무지정 등록,2026-03-23T10:00:00,조양규,PMO1팀,프로젝트 039 통합 운영 사업 - 업무지정 등록,프로젝트 039 통합 운영 사업 프로젝트의 업무지정 등록 이력입니다.,"{""이슈"": ""업무지정 등록"", ""조치사항"": ""기록 저장"", ""다음 단계"": ""후속 검토"", ""관련 일정"": {""label"": ""점검 일정"", ""date"": ""2026-03-26 00:00""}}",점검 일정,2026-03-26T10:00:00,scenario
9a7cdfbd-000b-581d-8106-d82eb869a31b,56730dcb-3044-503d-b46e-7f315deaefd7,support,,,업무지정 등록,2026-04-15T09:00:00,조양규,PMO1팀,프로젝트 040 통합 운영 사업 - 업무지정 등록,프로젝트 040 통합 운영 사업 프로젝트의 업무지정 등록 이력입니다.,"{""이슈"": ""업무지정 등록"", ""조치사항"": ""기록 저장"", ""다음 단계"": ""후속 검토"", ""관련 일정"": {""label"": ""점검 일정"", ""date"": ""2026-04-18 00:00""}}",점검 일정,2026-04-18T10:00:00,scenario
42b271f0-ec22-57f8-bde5-98dee356b27d,56730dcb-3044-503d-b46e-7f315deaefd7,support,,,일정 변경,2026-04-24T10:00:00,조재훈,PMO2팀,프로젝트 040 통합 운영 사업 - 일정 변경,프로젝트 040 통합 운영 사업 프로젝트의 일정 변경 이력입니다.,"{""이슈"": ""일정 변경"", ""조치사항"": ""기록 저장"", ""다음 단계"": ""후속 검토"", ""관련 일정"": {""label"": ""점검 일정"", ""date"": ""2026-04-27 00:00""}}",점검 일정,2026-04-27T10:00:00,scenario
